-- phpMyAdmin SQL Dump
-- version 5.1.0
-- https://www.phpmyadmin.net/
--
-- ホスト: localhost:8889
-- 生成日時: 2022 年 2 月 10 日 08:07
-- サーバのバージョン： 5.7.34
-- PHP のバージョン: 7.4.21

SET SQL_MODE = "NO_AUTO_VALUE_ON_ZERO";
START TRANSACTION;
SET time_zone = "+00:00";


/*!40101 SET @OLD_CHARACTER_SET_CLIENT=@@CHARACTER_SET_CLIENT */;
/*!40101 SET @OLD_CHARACTER_SET_RESULTS=@@CHARACTER_SET_RESULTS */;
/*!40101 SET @OLD_COLLATION_CONNECTION=@@COLLATION_CONNECTION */;
/*!40101 SET NAMES utf8mb4 */;

--
-- データベース: `salesdata`
--

-- --------------------------------------------------------

--
-- テーブルの構造 `sales`
--

CREATE TABLE `sales` (
  `id` int(11) NOT NULL COMMENT 'ID',
  `venues_id` int(11) NOT NULL COMMENT '会場ID',
  `users_id` int(11) NOT NULL COMMENT 'ユーザーID',
  `gender` varchar(10) DEFAULT NULL COMMENT '性別',
  `age` varchar(10) DEFAULT NULL COMMENT '年代',
  `result` varchar(10) DEFAULT NULL COMMENT '結果',
  `reason` varchar(10) DEFAULT NULL COMMENT '理由',
  `created_at` datetime NOT NULL DEFAULT CURRENT_TIMESTAMP COMMENT '接客日時'
) ENGINE=InnoDB DEFAULT CHARSET=utf8;

--
-- テーブルのデータのダンプ `sales`
--

INSERT INTO `sales` (`id`, `venues_id`, `users_id`, `gender`, `age`, `result`, `reason`, `created_at`) VALUES
(10, 6, 6, '女性', '30代', '成約', '値段', '2022-02-04 14:30:06'),
(11, 7, 7, '男性', '10代', 'トライ', '価格', '2022-02-04 14:33:23'),
(12, 8, 8, '女性', '50代', 'コンサル', '価格', '2022-02-04 14:35:58'),
(13, 9, 9, 'その他', '90代', 'アグリー', '特典', '2022-02-04 14:41:56'),
(14, 11, 1, '女性', '70代', 'トライ', '価格', '2022-02-04 16:39:57'),
(15, 8, 1, '女性', '50代', 'コンサル', '知名度', '2022-02-04 16:49:59'),
(16, 13, 1, '女性', '80代', 'アグリー', 'その他', '2022-02-04 16:53:29'),
(17, 13, 2, '男性', '60代', 'コンサル', 'サービス', '2022-02-04 18:09:57'),
(18, 1, 10, '男性', '20代', 'アグリー', '価格', '2022-02-05 14:07:19'),
(19, 4, 4, '男性', '10代', 'トライ', '価格', '2022-02-05 14:53:49'),
(20, 4, 10, '男性', '10代', 'トライ', '価格', '2022-02-05 14:55:01'),
(21, 10, 4, '男性', '10代', 'トライ', '価格', '2022-02-05 14:55:52'),
(22, 4, 4, '女性', '90代', 'トライ', '価格', '2022-02-05 15:02:10'),
(23, 1, 2, '女性', '80代', 'トライ', '価格', '2022-02-06 09:19:40'),
(24, 2, 2, '女性', '80代', 'トライ', '価格', '2022-02-06 09:19:51'),
(25, 2, 2, '女性', '80代', 'トライ', '価格', '2022-02-06 09:26:24'),
(26, 2, 2, '女性', '80代', 'トライ', '価格', '2022-02-06 09:26:25'),
(27, 2, 2, '女性', '80代', 'トライ', '価格', '2022-02-06 09:26:25'),
(28, 2, 2, '女性', '80代', 'トライ', '価格', '2022-02-06 09:26:26'),
(29, 2, 2, '女性', '80代', 'トライ', '価格', '2022-02-06 09:26:29'),
(30, 2, 2, '女性', '80代', 'トライ', '価格', '2022-02-06 09:26:51'),
(31, 2, 2, '女性', '80代', 'トライ', '価格', '2022-02-06 09:26:52'),
(32, 2, 2, '女性', '80代', 'トライ', '価格', '2022-02-06 09:26:52'),
(33, 2, 2, '女性', '80代', 'トライ', '価格', '2022-02-06 09:26:52'),
(34, 2, 2, '女性', '80代', 'トライ', '価格', '2022-02-06 09:26:53'),
(35, 2, 2, '女性', '80代', 'トライ', '価格', '2022-02-06 09:26:53'),
(36, 2, 2, '女性', '80代', 'トライ', '価格', '2022-02-06 09:26:53'),
(37, 2, 2, '女性', '80代', 'トライ', '価格', '2022-02-06 09:26:55'),
(38, 2, 2, '女性', '80代', 'トライ', '価格', '2022-02-06 09:27:47'),
(39, 3, 2, '女性', '80代', 'トライ', '価格', '2022-02-06 09:27:57'),
(40, 3, 2, '男性', '10代', 'トライ', '価格', '2022-02-06 09:29:06'),
(41, 3, 2, '男性', '10代', 'トライ', '価格', '2022-02-06 09:29:23'),
(42, 23, 24, '男性', '10代', 'トライ', '価格', '2022-02-06 09:34:59'),
(43, 4, 3, '男性', '10代', 'トライ', '価格', '2022-02-06 11:53:38'),
(44, 1, 2, '男性', '10代', 'トライ', '価格', '2022-02-06 14:57:37'),
(45, 1, 3, '男性', '10代', 'トライ', '価格', '2022-02-06 16:09:54'),
(46, 1, 4, '女性', '30代', 'トライ', '価格', '2022-02-06 16:12:21'),
(47, 1, 5, '男性', '10代', 'トライ', '価格', '2022-02-06 16:16:50'),
(48, 21, 5, '女性', '20代', 'アプローチ', '価格', '2022-02-06 16:18:11'),
(49, 12, 2, '男性', '60代', 'コンサル', 'サービス', '2022-02-06 18:21:22'),
(50, 14, 2, '男性', '90代', 'トライ', '価格', '2022-02-06 21:34:04'),
(51, 1, 4, '男性', '10代', 'トライ', '価格', '2022-02-06 21:34:46'),
(52, 1, 2, '男性', '10代', 'トライ', '価格', '2022-02-06 21:56:02'),
(53, 1, 2, '男性', '10代', 'トライ', '価格', '2022-02-06 21:56:58'),
(54, 2, 2, '男性', '30代', 'コンサル', '特典', '2022-02-06 22:12:57'),
(55, 2, 2, '男性', '30代', 'コンサル', '特典', '2022-02-06 22:14:51'),
(56, 2, 2, '男性', '30代', 'コンサル', '特典', '2022-02-06 22:15:13'),
(57, 2, 2, '男性', '30代', 'コンサル', '特典', '2022-02-06 22:15:23'),
(58, 1, 2, '男性', '10代', 'トライ', '価格', '2022-02-06 22:16:20'),
(59, 1, 2, '男性', '10代', 'トライ', '価格', '2022-02-06 22:16:43'),
(60, 1, 2, '男性', '10代', 'トライ', '価格', '2022-02-06 22:16:43'),
(61, 1, 2, '男性', '10代', 'トライ', '価格', '2022-02-06 22:16:44'),
(62, 1, 2, '男性', '10代', 'トライ', '価格', '2022-02-06 22:16:44'),
(63, 1, 2, '男性', '10代', 'トライ', '価格', '2022-02-06 22:16:44'),
(64, 1, 2, '男性', '10代', 'トライ', '価格', '2022-02-06 22:17:06'),
(65, 1, 2, '男性', '10代', 'トライ', '価格', '2022-02-06 22:19:16'),
(66, 1, 2, '男性', '10代', 'トライ', '価格', '2022-02-06 22:19:40'),
(67, 2, 2, '男性', '10代', 'トライ', '価格', '2022-02-06 22:19:45'),
(68, 1, 2, '男性', '10代', 'トライ', '価格', '2022-02-06 22:20:49'),
(69, 1, 2, '男性', '10代', 'トライ', '価格', '2022-02-06 22:21:25'),
(70, 1, 2, '男性', '10代', 'トライ', '価格', '2022-02-06 22:23:00'),
(71, 1, 2, '男性', '10代', 'トライ', '価格', '2022-02-06 22:23:01'),
(72, 1, 2, '男性', '10代', 'トライ', '価格', '2022-02-06 22:23:01'),
(73, 1, 2, '男性', '10代', 'トライ', '価格', '2022-02-06 22:23:01'),
(74, 1, 2, '男性', '10代', 'トライ', '価格', '2022-02-06 22:23:12'),
(75, 1, 2, '男性', '10代', 'トライ', '価格', '2022-02-06 22:23:12'),
(76, 1, 2, '男性', '10代', 'トライ', '価格', '2022-02-06 22:24:09'),
(77, 1, 2, '男性', '10代', 'トライ', '価格', '2022-02-06 22:25:07'),
(78, 1, 2, '男性', '10代', 'トライ', '価格', '2022-02-06 22:27:54'),
(79, 1, 2, '男性', '10代', 'トライ', '価格', '2022-02-06 22:27:54'),
(80, 1, 2, '男性', '10代', 'トライ', '価格', '2022-02-06 22:27:54'),
(81, 1, 2, '男性', '10代', 'トライ', '価格', '2022-02-06 22:27:55'),
(82, 1, 2, '男性', '10代', 'トライ', '価格', '2022-02-06 22:27:55'),
(83, 1, 2, '男性', '10代', 'トライ', '価格', '2022-02-06 22:28:17'),
(84, 1, 2, '男性', '10代', 'トライ', '価格', '2022-02-06 22:32:38'),
(85, 1, 2, '男性', '10代', 'トライ', '価格', '2022-02-06 22:33:16'),
(86, 1, 2, '男性', '10代', 'トライ', '価格', '2022-02-06 22:33:22'),
(87, 1, 2, '男性', '10代', 'トライ', '価格', '2022-02-07 08:09:34'),
(88, 1, 2, '男性', '10代', 'トライ', '価格', '2022-02-07 08:09:37'),
(89, 1, 2, '男性', '10代', 'トライ', '価格', '2022-02-07 08:13:14'),
(90, 1, 2, '男性', '10代', 'トライ', '価格', '2022-02-07 08:16:52'),
(91, 1, 2, '男性', '10代', 'トライ', '価格', '2022-02-07 08:17:05'),
(92, 1, 2, '男性', '10代', 'トライ', '価格', '2022-02-07 08:17:20'),
(93, 1, 2, '男性', '10代', 'トライ', '価格', '2022-02-07 08:17:46'),
(94, 1, 2, '男性', '10代', 'トライ', '価格', '2022-02-07 08:17:47'),
(95, 1, 2, '男性', '10代', 'トライ', '価格', '2022-02-07 08:17:47'),
(96, 1, 2, '男性', '10代', 'トライ', '価格', '2022-02-07 08:17:47'),
(97, 1, 2, '男性', '10代', 'トライ', '価格', '2022-02-07 08:18:29'),
(98, 1, 2, '男性', '10代', 'トライ', '価格', '2022-02-07 08:20:59'),
(99, 1, 2, '男性', '10代', 'トライ', '価格', '2022-02-07 08:22:46'),
(100, 1, 2, '男性', '10代', 'トライ', '価格', '2022-02-07 08:23:01'),
(101, 1, 2, '男性', '10代', 'トライ', '価格', '2022-02-07 08:23:32'),
(102, 1, 2, '男性', '10代', 'トライ', '価格', '2022-02-07 08:23:33'),
(103, 1, 2, '男性', '10代', 'トライ', '価格', '2022-02-07 08:23:40'),
(104, 1, 2, '男性', '10代', 'トライ', '価格', '2022-02-07 08:23:46'),
(105, 1, 2, '男性', '10代', 'トライ', '価格', '2022-02-07 08:24:46'),
(106, 1, 2, '男性', '10代', 'トライ', '価格', '2022-02-07 08:25:20'),
(107, 1, 2, '男性', '10代', 'トライ', '価格', '2022-02-07 08:25:43'),
(108, 1, 2, '男性', '10代', 'トライ', '価格', '2022-02-07 08:25:44'),
(109, 1, 2, '男性', '10代', 'トライ', '価格', '2022-02-07 08:26:08'),
(110, 1, 2, '男性', '10代', 'トライ', '価格', '2022-02-07 08:26:28'),
(111, 1, 2, '男性', '10代', 'トライ', '価格', '2022-02-07 08:26:29'),
(112, 1, 2, '男性', '10代', 'トライ', '価格', '2022-02-07 08:26:32'),
(113, 1, 2, '男性', '10代', 'トライ', '価格', '2022-02-07 08:27:23'),
(114, 1, 2, '男性', '10代', 'トライ', '価格', '2022-02-07 08:27:24'),
(115, 1, 2, '男性', '10代', 'トライ', '価格', '2022-02-07 08:28:46'),
(116, 1, 2, '男性', '10代', 'トライ', '価格', '2022-02-07 08:47:38'),
(117, 1, 2, '男性', '10代', 'トライ', '価格', '2022-02-07 08:47:55'),
(118, 1, 2, '男性', '10代', 'トライ', '価格', '2022-02-07 08:50:54'),
(119, 1, 2, '男性', '10代', 'トライ', '価格', '2022-02-07 08:52:35'),
(120, 1, 2, '男性', '10代', 'トライ', '価格', '2022-02-07 08:55:56'),
(121, 1, 2, '男性', '10代', 'トライ', '価格', '2022-02-07 08:58:54'),
(122, 1, 2, '男性', '10代', 'トライ', '価格', '2022-02-07 09:06:35'),
(123, 1, 2, '男性', '10代', 'トライ', '価格', '2022-02-07 09:06:48'),
(124, 1, 2, '男性', '10代', 'トライ', '価格', '2022-02-07 09:07:49'),
(125, 1, 2, '男性', '10代', 'トライ', '価格', '2022-02-07 09:08:09'),
(126, 2, 2, '男性', '10代', 'トライ', '価格', '2022-02-07 09:08:39'),
(127, 4, 2, '男性', '10代', 'トライ', '価格', '2022-02-07 09:10:26'),
(128, 5, 2, '男性', '10代', 'トライ', '価格', '2022-02-07 09:10:48'),
(129, 5, 2, '男性', '10代', 'トライ', '価格', '2022-02-07 09:10:58'),
(130, 1, 2, '男性', '10代', 'トライ', '価格', '2022-02-07 09:11:14'),
(131, 1, 2, '男性', '10代', 'トライ', '価格', '2022-02-07 09:17:20'),
(132, 6, 2, '男性', '10代', 'トライ', '価格', '2022-02-07 10:27:24'),
(133, 1, 2, '男性', '10代', 'トライ', '価格', '2022-02-07 10:27:41'),
(134, 1, 2, '男性', '10代', 'トライ', '価格', '2022-02-07 10:29:10'),
(135, 1, 2, '男性', '10代', 'トライ', '価格', '2022-02-07 10:29:11'),
(136, 1, 2, '男性', '10代', 'トライ', '価格', '2022-02-07 10:29:12'),
(137, 1, 2, '男性', '10代', 'トライ', '価格', '2022-02-07 10:29:30'),
(138, 1, 2, '男性', '10代', 'トライ', '価格', '2022-02-07 10:29:31'),
(139, 1, 2, '男性', '10代', 'トライ', '価格', '2022-02-07 10:29:31'),
(140, 1, 2, '男性', '10代', 'トライ', '価格', '2022-02-07 10:29:41'),
(141, 1, 2, '男性', '10代', 'トライ', '価格', '2022-02-07 10:29:42'),
(142, 1, 2, '男性', '10代', 'トライ', '価格', '2022-02-07 10:29:45'),
(143, 1, 2, '男性', '10代', 'トライ', '価格', '2022-02-07 10:29:52'),
(144, 1, 2, '男性', '10代', 'トライ', '価格', '2022-02-07 10:30:05'),
(145, 1, 2, '男性', '10代', 'トライ', '価格', '2022-02-07 10:30:21'),
(146, 1, 2, '男性', '10代', 'トライ', '価格', '2022-02-07 10:31:00'),
(147, 1, 2, '男性', '10代', 'トライ', '価格', '2022-02-07 10:31:11'),
(148, 1, 2, '男性', '10代', 'トライ', '価格', '2022-02-07 10:31:12'),
(149, 1, 2, '男性', '10代', 'トライ', '価格', '2022-02-07 10:31:21'),
(150, 1, 2, '男性', '10代', 'アプローチ', '価格', '2022-02-07 10:31:55'),
(151, 1, 2, '男性', '10代', 'トライ', '価格', '2022-02-07 10:35:25'),
(152, 9, 3, '女性', '70代', 'アプローチ', '特典', '2022-02-07 10:47:42'),
(153, 1, 3, '男性', '10代', 'トライ', '価格', '2022-02-07 10:48:02'),
(154, 10, 3, '男性', '40代', 'アプローチ/商品訴求', '価格', '2022-02-07 10:50:39'),
(155, 10, 3, '男性', '40代', 'アプローチ/商品訴求', '価格', '2022-02-07 10:50:47'),
(156, 10, 3, '男性', '40代', 'アプローチ/商品訴求', '価格', '2022-02-07 10:50:48'),
(157, 10, 3, '男性', '40代', 'アプローチ/商品訴求', '価格', '2022-02-07 10:50:48'),
(158, 10, 3, '男性', '40代', 'アプローチ/商品訴求', '価格', '2022-02-07 10:50:48'),
(159, 10, 3, '男性', '40代', 'アプローチ/商品訴求', '価格', '2022-02-07 10:50:48'),
(160, 10, 3, '男性', '40代', 'アプローチ商品訴求', '価格', '2022-02-07 10:50:53'),
(161, 11, 6, '男性', '60代', 'アプローチ/商品訴求', '特典/キャンペーン', '2022-02-07 10:52:52'),
(162, 1, 6, '男性', '10代', 'トライ/足止め', '価格', '2022-02-07 10:53:40'),
(163, 1, 6, '男性', '10代', 'アプローチ/商品訴求', '特典/キャンペーン', '2022-02-07 10:54:12'),
(164, 1, 6, '男性', '10代', 'アプローチ/商品訴求', '知名度/ブランド', '2022-02-07 10:54:35'),
(165, 1, 6, '男性', '10代', 'アプローチ/商品訴求', '知名度/ブランド', '2022-02-07 10:54:47'),
(166, 1, 6, '男性', '10代', 'アプローチ/商品訴求', '知名度/ブランド', '2022-02-07 10:54:48'),
(167, 1, 6, '男性', '10代', 'アプローチ/商品訴求', '特典/キャンペーン', '2022-02-07 10:54:59'),
(168, 1, 6, '男性', '10代', 'アプローチ/商品訴求', '特典/キャンペーン', '2022-02-07 10:55:01'),
(169, 1, 6, '男性', '10代', 'アプローチ/商品訴求', '特典/キャンペーン', '2022-02-07 10:55:01'),
(170, 1, 6, '男性', '10代', 'アプローチ/商品訴求', '特典/キャンペーン', '2022-02-07 10:55:25'),
(171, 1, 6, '男性', '10代', 'コンサル/料金比較', '知名度/ブランド', '2022-02-07 11:02:15'),
(172, 2, 6, '男性', '10代', 'トライ/足止め', '価格', '2022-02-07 12:34:23'),
(173, 23, 2, '男性', '10代', 'アプローチ/商品訴求', '特典/キャンペーン', '2022-02-07 13:45:16'),
(174, 23, 2, '女性', '50代', 'コンサル/料金比較', '知名度/ブランド', '2022-02-07 13:46:16'),
(175, 23, 2, '男性', '80代', 'コンサル/料金比較', '特典/キャンペーン', '2022-02-07 14:08:34'),
(176, 23, 2, '男性', '80代', 'コンサル/料金比較', '特典/キャンペーン', '2022-02-07 14:09:25'),
(177, 1, 2, '男性', '10代', 'トライ/足止め', '価格', '2022-02-07 14:21:22'),
(178, 23, 2, '男性', '20代', 'コンサル/料金比較', '特典/キャンペーン', '2022-02-07 17:52:57'),
(179, 4, 2, '男性', '40代', 'コンサル/料金比較', '特典/キャンペーン', '2022-02-07 18:38:28'),
(180, 25, 1, '女性', '40代', 'コンサル/料金比較', 'サービス', '2022-02-07 20:20:50'),
(181, 25, 1, '女性', '40代', 'アプローチ/商品訴求', 'サービス', '2022-02-07 20:21:00'),
(182, 1, 2, '男性', '10代', 'アプローチ/商品訴求', '価格', '2022-02-07 20:40:11'),
(183, 2, 4, '男性', '30代', 'アプローチ/商品訴求', 'その他', '2022-02-08 08:29:32'),
(184, 3, 2, '女性', '40代', 'コンサル/料金比較', 'サービス', '2022-02-08 09:28:36'),
(185, 1, 2, '男性', '10代', 'トライ/足止め', '価格', '2022-02-08 09:28:43'),
(186, 1, 2, '男性', '10代', 'アグリー/成約', '価格', '2022-02-08 10:05:15'),
(187, 1, 2, '男性', '10代', 'トライ/足止め', '価格', '2022-02-08 10:05:24'),
(188, 7, 2, '男性', '20代', 'アグリー/成約', '特典/キャンペーン', '2022-02-08 10:46:26'),
(189, 10, 1, '男性', '10代', 'トライ/足止め', '価格', '2022-02-08 12:26:45'),
(190, 2, 1, '男性', '10代', 'トライ/足止め', '価格', '2022-02-08 15:28:36'),
(191, 1, 4, '男性', '10代', 'トライ/足止め', '価格', '2022-02-08 18:10:48'),
(192, 15, 4, '男性', '50代', 'アグリー/成約', 'その他', '2022-02-08 18:13:27'),
(193, 1, 2, '男性', '10代', 'トライ/足止め', '価格', '2022-02-09 10:28:08'),
(194, 1, 2, '男性', '10代', 'トライ/足止め', '価格', '2022-02-09 10:33:18'),
(195, 1, 2, '男性', '10代', 'トライ/足止め', '価格', '2022-02-09 10:33:21'),
(196, 1, 2, '男性', '10代', 'トライ/足止め', '価格', '2022-02-09 11:04:18'),
(197, 2, 2, '男性', '10代', 'トライ/足止め', '価格', '2022-02-09 11:06:32'),
(198, 1, 2, '男性', '10代', 'トライ/足止め', '価格', '2022-02-09 11:52:00'),
(199, 1, 1, '男性', '10代', 'トライ/足止め', '価格', '2022-02-09 11:54:26'),
(200, 1, 2, '男性', '10代', 'トライ/足止め', '価格', '2022-02-09 12:35:14'),
(201, 1, 2, '男性', '10代', 'トライ/足止め', '価格', '2022-02-09 12:35:46'),
(202, 1, 2, '男性', '10代', 'トライ/足止め', '価格', '2022-02-09 12:41:50'),
(203, 1, 2, '男性', '10代', 'トライ/足止め', '価格', '2022-02-09 12:51:00'),
(204, 1, 2, '男性', '10代', 'トライ/足止め', '価格', '2022-02-09 13:29:24'),
(205, 2, 1, '男性', '30代', 'アプローチ/商品訴求', '知名度/ブランド', '2022-02-09 13:34:25'),
(206, 2, 1, '女性', '20代', 'アプローチ/商品訴求', 'サービス', '2022-02-09 14:01:29'),
(207, 3, 1, '男性', '30代', 'アグリー/成約', '特典/キャンペーン', '2022-02-09 14:02:02'),
(208, 3, 1, '男性', '30代', 'アグリー/成約', 'その他', '2022-02-09 14:02:12'),
(209, 2, 1, '女性', '20代', 'アプローチ/商品訴求', 'サービス', '2022-02-09 14:08:23'),
(210, 3, 1, '男性', '80代', 'クロージング', '特典/キャンペーン', '2022-02-09 14:08:52'),
(211, 4, 2, '男性', '40代', 'アプローチ/商品訴求', 'その他', '2022-02-09 14:09:26'),
(212, 1, 1, '男性', '10代', 'トライ/足止め', '価格', '2022-02-09 17:24:24');

-- --------------------------------------------------------

--
-- テーブルの構造 `users`
--

CREATE TABLE `users` (
  `id` int(11) NOT NULL COMMENT 'ID',
  `users_name` varchar(10) DEFAULT NULL COMMENT 'ユーザーネーム',
  `email` varchar(100) DEFAULT NULL COMMENT 'メールアドレス',
  `password` varchar(100) DEFAULT NULL COMMENT 'パスワード',
  `role` int(11) NOT NULL DEFAULT '0' COMMENT 'アカウント'
) ENGINE=InnoDB DEFAULT CHARSET=utf8;

--
-- テーブルのデータのダンプ `users`
--

INSERT INTO `users` (`id`, `users_name`, `email`, `password`, `role`) VALUES
(1, '上野スタッフ', 'ueno@co.jp', 'ueno', 0),
(2, '井上スタッフ', 'inoue@co.jp', 'inoue', 0),
(3, '工藤マネ', 'kudou@co.jp', 'kudou', 1),
(4, '平　', 'taira@co.jp', 'taira', 1),
(5, '藤井', 'fujii@co.jp', 'fujii', 1),
(6, '森田', 'morita@co.jp', 'morita', 1),
(7, '森山', 'moriyama@co.jp', 'moriyama', 1),
(8, '足立', 'adachi@co.jp', 'adachi', 1),
(9, '國重', 'kunishige@co.jp', 'kunishige', 1),
(10, '赤澤', 'akazawa@co.jp', 'akazawa', 1),
(11, '伊東', 'ito@co.jp', 'ito', 1),
(12, '石原', 'ishihara@co.jp', 'ishihara', 1),
(13, '金子', 'kaneko@co.jp', 'kaneko', 1),
(14, '小寺', 'kodera@co.jp', 'kodera', 1),
(15, '杉田', 'sugita@co.jp', 'sugita', 1),
(16, '鈴木', 'suzuki@co.jp', 'suzuki', 1),
(17, '高木', 'takagi@co.jp', 'takagi', 1),
(18, '永岡', 'nagaoka@co.jp', 'nagaoka', 1),
(19, '平井', 'hirai@co.jp', 'hirai', 1),
(20, '平沼', 'hiranuma@co.jp', 'hiranuma', 1),
(21, '松本', 'matsumoto@co.jp', 'matsumoto', 1),
(22, '宮路', 'miyaji@co.jp', 'miyaji', 1),
(23, '宗清', 'munekiyo@co.jp', 'munekiyo', 1),
(24, '山田', 'yamada@co.jp', 'yamada', 1);

-- --------------------------------------------------------

--
-- テーブルの構造 `venues`
--

CREATE TABLE `venues` (
  `id` int(11) NOT NULL COMMENT 'ID',
  `venues_name` varchar(10) DEFAULT NULL COMMENT '会場名',
  `prefecture` varchar(10) NOT NULL COMMENT '県名',
  `station` varchar(10) NOT NULL COMMENT '最寄駅',
  `member` varchar(10) NOT NULL COMMENT '現場人数',
  `item` varchar(10) NOT NULL COMMENT '持ち物',
  `clothes` varchar(10) NOT NULL COMMENT '服装',
  `notice` text NOT NULL COMMENT '注意事項'
) ENGINE=InnoDB DEFAULT CHARSET=utf8;

--
-- テーブルのデータのダンプ `venues`
--

INSERT INTO `venues` (`id`, `venues_name`, `prefecture`, `station`, `member`, `item`, `clothes`, `notice`) VALUES
(1, 'A会場', 'A県', 'A駅', '10', '昼食', 'スーツ', '特になし'),
(2, 'B会場', 'B県', 'B駅', '20', '昼食', 'スーツ', '特になし'),
(3, 'C会場', 'C県', 'C駅', '30', '昼食', 'スーツ', '特になし'),
(4, 'D会場', 'D県', 'D駅', '40', '昼食', 'スーツ', '特になし'),
(5, 'E会場', 'E県', 'E駅', '50', '昼食', 'スーツ', '特になし'),
(6, 'F会場', 'F県', 'F駅', '60', '昼食', 'スーツ', '特になし'),
(7, 'G会場', 'G県', 'G駅', '70', '昼食', 'スーツ', '特になし'),
(8, 'H会場', 'H県', 'H駅', '80', '昼食', 'スーツ', '特になし'),
(9, 'I会場', 'I県', 'I駅', '90', '昼食', 'スーツ', '特になし'),
(10, 'J会場', 'J県', 'J駅', '100', '昼食', 'スーツ', '特になし'),
(11, 'K会場', 'K県', 'K駅', '110', '昼食', 'スーツ', '特になし'),
(12, 'L会場', 'L県', 'L駅', '120', '昼食', 'スーツ', '特になし'),
(13, 'M会場', 'M県', 'M駅', '130', '昼食', 'スーツ', '特になし'),
(14, 'N会場', 'N県', 'N駅', '140', '昼食', 'スーツ', '特になし'),
(15, 'O会場', 'O県', 'O駅', '150', '昼食', 'スーツ', '特になし'),
(16, 'P会場', 'P県', 'P駅', '160', '昼食', 'スーツ', '特になし'),
(17, 'Q会場', 'Q県', 'Q駅', '170', '昼食', 'スーツ', '特になし'),
(18, 'R会場', 'R県', 'R駅', '180', '昼食', 'スーツ', '特になし'),
(19, 'S会場', 'S県', 'S駅', '190', '昼食', 'スーツ', '特になし'),
(20, 'T会場', 'T県', 'T駅', '200', '昼食', 'スーツ', '特になし'),
(21, 'U会場', 'U県', 'U駅', '210', '昼食', 'スーツ', '特になし'),
(22, 'V会場', 'V県', 'V駅', '220', '昼食', 'スーツ', '特になし'),
(23, 'W会場', 'W県', 'W駅', '230', '昼食', 'スーツ', '特になし'),
(24, 'X会場', 'X県', 'X駅', '240', '昼食', 'スーツ', '特になし'),
(25, 'Y会場', 'Y県', 'Y駅', '250', '昼食', 'スーツ', 'メールを送信する役割をもつサーバのことです。\r\nSMTP（Simple Mail Transfer Protocol）とはメール送信する際に用いられるプロトコル（通信規格）を表しており、\r\n送信サーバのSMTPサーバからメール受信サーバ（POP/IMAP）へメールを届けます。'),
(26, 'Z会場', 'Z県', 'Z駅', '260', '昼食', 'スーツ', '特になし。');

--
-- ダンプしたテーブルのインデックス
--

--
-- テーブルのインデックス `sales`
--
ALTER TABLE `sales`
  ADD PRIMARY KEY (`id`);

--
-- テーブルのインデックス `users`
--
ALTER TABLE `users`
  ADD PRIMARY KEY (`id`);

--
-- テーブルのインデックス `venues`
--
ALTER TABLE `venues`
  ADD PRIMARY KEY (`id`);

--
-- ダンプしたテーブルの AUTO_INCREMENT
--

--
-- テーブルの AUTO_INCREMENT `sales`
--
ALTER TABLE `sales`
  MODIFY `id` int(11) NOT NULL AUTO_INCREMENT COMMENT 'ID', AUTO_INCREMENT=213;

--
-- テーブルの AUTO_INCREMENT `users`
--
ALTER TABLE `users`
  MODIFY `id` int(11) NOT NULL AUTO_INCREMENT COMMENT 'ID', AUTO_INCREMENT=25;

--
-- テーブルの AUTO_INCREMENT `venues`
--
ALTER TABLE `venues`
  MODIFY `id` int(11) NOT NULL AUTO_INCREMENT COMMENT 'ID', AUTO_INCREMENT=29;
COMMIT;

/*!40101 SET CHARACTER_SET_CLIENT=@OLD_CHARACTER_SET_CLIENT */;
/*!40101 SET CHARACTER_SET_RESULTS=@OLD_CHARACTER_SET_RESULTS */;
/*!40101 SET COLLATION_CONNECTION=@OLD_COLLATION_CONNECTION */;
